{
  "description": "Block Extractor",
  "supported_items": "minecraft:diamond_pickaxe",
  "primary_items": "minecraft:diamond_pickaxe",
  "weight": 1,
  "max_level": 1,
  "min_cost": {
    "base": 1,
    "per_level_above_first": 1
  },
  "max_cost": {
    "base": 1,
    "per_level_above_first": 1
  },
  "anvil_cost": 25,
  "slots": [
    "mainhand"
  ],
  "effects": {
    "minecraft:hit_block": [
      {
        "effect": {
          "type": "minecraft:run_function",
          "function": "mobs:items/block_extract/root"
        }
      }
    ]
  }
}
