{
  "description": {
    "translate": "Cursed Power"
  },
  "supported_items": "#minecraft:enchantable/bow",
  "weight": 1,
  "max_level": 3,
  "min_cost": {
    "base": 1,
    "per_level_above_first": 25
  },
  "max_cost": {
    "base": 16,
    "per_level_above_first": 25
  },
  "anvil_cost": 1,
  "slots": [
    "mainhand"
  ],
  "effects": {
    "minecraft:damage": [
      {
        "effect": {
          "type": "minecraft:multiply",
          "factor": {
            "type": "minecraft:linear",
            "base": 1.5,
            "per_level_above_first": 0.25
          }
        },
        "requirements": {
          "condition": "minecraft:entity_properties",
          "entity": "direct_attacker",
          "predicate": {
            "type": "#minecraft:arrows"
          }
        }
      }
    ]
  }
}
