{
  "description": {
    "translate": "Cursed Sharpness"
  },
  "supported_items": "#minecraft:enchantable/sharp_weapon",
  "primary_items": "#minecraft:enchantable/sword",
  "weight": 10,
  "max_level": 3,
  "min_cost": {
    "base": 1,
    "per_level_above_first": 25
  },
  "max_cost": {
    "base": 21,
    "per_level_above_first": 25
  },
  "anvil_cost": 1,
  "slots": [
    "mainhand"
  ],
  "effects": {
    "minecraft:damage": [
      {
        "effect": {
          "type": "minecraft:multiply",
          "factor": {
            "type": "minecraft:linear",
            "base": 1.5,
            "per_level_above_first": 0.25
          }
        }
      }
    ]
  }
}
