{
  "description": {
    "translate": "Deitic Mending"
  },
  "supported_items": "#minecraft:enchantable/durability",
  "weight": 2,
  "max_level": 1,
  "min_cost": {
    "base": 12,
    "per_level_above_first": 12
  },
  "max_cost": {
    "base": 35,
    "per_level_above_first": 15
  },
  "anvil_cost": 2,
  "slots": [
    "any"
  ],
  "effects": {
    "minecraft:repair_with_xp": [
      {
        "effect": {
          "type": "minecraft:multiply",
          "factor": {
            "type": "minecraft:linear",
            "base": 2,
            "per_level_above_first": 0.2
          }
        }
      }
    ]
  }
}
