{
  "type": "minecraft:entity",
  "pools": [
    {
      "rolls": 1,
      "entries": [
        {
          "type": "minecraft:item",
          "name": "minecraft:leather_chestplate",
          "weight": 5,
          "functions": [
            {
              "function": "minecraft:set_components",
              "components": {
                "minecraft:rarity": "epic",
                "minecraft:dyed_color": {
                  "rgb": 0,
                  "show_in_tooltip": false
                },
                "minecraft:trim": {
                  "material": "minecraft:netherite",
                  "pattern": "minecraft:silence",
                  "show_in_tooltip": false
                },
                "minecraft:attribute_modifiers": {
                  "modifiers": [
                    {
                      "id": "wm.health",
                      "type": "minecraft:generic.max_health",
                      "amount": 4,
                      "operation": "add_value",
                      "slot": "chest"
                    },
                    {
                      "id": "wm.armor",
                      "type": "minecraft:generic.armor",
                      "amount": 6,
                      "operation": "add_value",
                      "slot": "chest"
                    },
                    {
                      "id": "wm.toughness",
                      "type": "minecraft:generic.armor_toughness",
                      "amount": 5,
                      "operation": "add_value",
                      "slot": "chest"
                    }
                  ],
                  "show_in_tooltip": true
                },
                "minecraft:item_name": "[{'text':'Death Charger Chestplate'}]",
                "minecraft:max_damage": 1184
              }
            }
          ]
        },
        {
          "type": "minecraft:empty",
          "weight": 95
        }
      ]
    },
    {
      "rolls": 1,
      "entries": [
        {
          "type": "minecraft:item",
          "name": "minecraft:stone",
          "functions": [
            {
              "function": "minecraft:set_components",
              "components": {
                "minecraft:custom_data": "{ItemCheck:1b,Type:\"Wandering Merchant Death\",WM_Death:1b}"
              }
            }
          ]
        }
      ],
      "conditions": [
        {
          "condition": "minecraft:killed_by_player"
        }
      ]
    }
  ]
}
